WW,BuildComment,StreamName,TestSessionFirstRunTPT,TestSessionTotalTPT,TaskFirstRunMachineHours,TaskReRunMachineHours,TSDuration,QBBuildDuration,TotalDuration
30,manual-main-130237,Media-VP-CNL-PreETM,05:57:25,05:57:25,73:06:33,"",7:13:00,01:10:35,08:23:35
30,manual-main-130237,Media-VP-KBL-PreETM,06:20:23,06:20:24,21:08:28,"",7:13:00,01:10:35,08:23:35
30,"","","","","","",0:01:37,00:55:49,00:57:26
30,"","","","","","",0:02:23,01:07:59,01:10:22
30,"","","","","","","",01:05:35
30,"","","","","","",0:02:22,01:00:47,01:03:09
30,manual-main-129972,Media-VP-KBL-PreETM,29:44:35,29:44:36,22:14:02,"",33:52:11,01:16:38,35:08:49
30,manual-main-129972,Media-VP-BXT-PreETM,33:52:11,33:52:11,79:13:58,"",33:52:11,01:16:38,35:08:49
30,manual-main-129972,Media-VP-CNL-PreETM,29:13:27,29:13:27,44:47:08,"",33:52:11,01:16:38,35:08:49
30,manual-main-129920,Media-Encode-KBL-PreETM,34:23:05,34:23:05,17:26:31,"",39:03:58,00:58:44,40:02:42
30,manual-main-129920,Media-Encode-CNL-PreETM,37:18:44,37:18:45,71:47:11,"",39:03:58,00:58:44,40:02:42
30,manual-main-129920,Media-CP-BXT-PreETM,32:01:03,32:01:03,335:58:55,"",39:03:58,00:58:44,40:02:42
30,manual-main-129920,Media-Decode-BXT-PreETM,36:04:56,36:04:56,188:46:16,"",39:03:58,00:58:44,40:02:42
30,manual-main-129920,Media-Decode-CNL-PreETM,38:59:12,38:59:13,48:55:32,"",39:03:58,00:58:44,40:02:42
30,manual-main-129920,Media-Encode-BXT-PreETM,38:35:38,38:35:39,81:12:56,"",39:03:58,00:58:44,40:02:42
30,manual-main-129920,Media-VP-KBL-PreETM,35:23:02,35:23:02,74:27:55,"",39:03:58,00:58:44,40:02:42
30,manual-main-129920,Media-VP-BXT-PreETM,36:12:19,36:12:19,60:52:10,"",39:03:58,00:58:44,40:02:42
30,manual-main-129913,Media-VP-KBL-PreETM,33:41:08,33:41:08,20:17:50,"",36:01:26,00:59:46,37:01:12
30,manual-main-129913,Media-Decode-CNL-PreETM,35:33:08,35:33:08,76:21:04,"",36:01:26,00:59:46,37:01:12
30,manual-main-129913,Media-Decode-BXT-PreETM,35:59:38,35:59:38,209:01:59,"",36:01:26,00:59:46,37:01:12
30,manual-main-129913,Media-VP-BXT-PreETM,35:41:39,35:41:39,67:38:40,"",36:01:26,00:59:46,37:01:12
30,manual-main-129911,Media-VP-BXT-PreETM,32:46:58,32:46:58,63:25:53,2:03:23,52:11:50,01:06:38,53:18:28
30,manual-main-129911,Media-VP-BXT-PreETM,32:46:58,32:46:58,63:25:53,9:09:48,52:11:50,01:06:38,53:18:28
30,manual-main-129911,Media-Encode-Pre-ETM-BXT-Android,41:56:29,41:56:29,16:33:49,2:03:23,52:11:50,01:06:38,53:18:28
30,manual-main-129911,Media-Encode-Pre-ETM-BXT-Android,41:56:29,41:56:29,16:33:49,9:09:48,52:11:50,01:06:38,53:18:28
30,manual-main-129911,Media-Encode-CNL-PreETM,34:02:16,47:47:11,46:54:57,2:03:23,52:11:50,01:06:38,53:18:28
30,manual-main-129911,Media-Encode-CNL-PreETM,34:02:16,47:47:11,46:54:57,9:09:48,52:11:50,01:06:38,53:18:28
30,manual-main-129911,Media-Encode-KBL-PreETM,30:59:04,30:59:05,19:19:55,2:03:23,52:11:50,01:06:38,53:18:28
30,manual-main-129911,Media-Encode-KBL-PreETM,30:59:04,30:59:05,19:19:55,9:09:48,52:11:50,01:06:38,53:18:28
30,manual-main-129911,Media-Decode-BXT-PreETM,31:21:56,48:18:07,179:53:30,2:03:23,52:11:50,01:06:38,53:18:28
30,manual-main-129911,Media-Decode-BXT-PreETM,31:21:56,48:18:07,179:53:30,9:09:48,52:11:50,01:06:38,53:18:28
30,manual-main-129911,Media-CP-BXT-PreETM,27:58:17,27:58:18,335:58:38,2:03:23,52:11:50,01:06:38,53:18:28
30,manual-main-129911,Media-CP-BXT-PreETM,27:58:17,27:58:18,335:58:38,9:09:48,52:11:50,01:06:38,53:18:28
30,manual-main-129911,Media-Decode-CNL-PreETM,33:22:05,33:22:05,71:31:01,2:03:23,52:11:50,01:06:38,53:18:28
30,manual-main-129911,Media-Decode-CNL-PreETM,33:22:05,33:22:05,71:31:01,9:09:48,52:11:50,01:06:38,53:18:28
30,manual-main-129911,Media-VP-KBL-PreETM,31:54:06,31:54:06,22:03:32,2:03:23,52:11:50,01:06:38,53:18:28
30,manual-main-129911,Media-VP-KBL-PreETM,31:54:06,31:54:06,22:03:32,9:09:48,52:11:50,01:06:38,53:18:28
30,manual-main-129907,Media-CP-BXT-PreETM,27:59:58,27:59:59,407:58:32,"",27:59:59,00:55:28,28:55:27
30,manual-main-129901,Media-CP-BXT-PreETM,27:05:23,27:05:24,311:58:53,"",51:50:05,00:59:07,52:49:12
30,manual-main-129901,Media-Decode-BXT-PreETM,29:49:10,29:49:10,285:42:55,"",51:50:05,00:59:07,52:49:12
30,manual-main-129901,Media-Decode-CNL-PreETM,31:32:30,31:32:31,73:46:12,"",51:50:05,00:59:07,52:49:12
30,manual-main-129901,Media-Encode-KBL-PreETM,29:24:55,29:24:55,17:13:20,"",51:50:05,00:59:07,52:49:12
30,manual-main-129901,Media-Encode-CNL-PreETM,32:34:39,32:34:39,43:53:20,"",51:50:05,00:59:07,52:49:12
30,manual-main-129901,Media-Encode-Pre-ETM-BXT-Android,43:25:09,43:25:09,16:42:59,"",51:50:05,00:59:07,52:49:12
30,manual-main-129901,Media-VP-BXT-PreETM,27:28:56,27:28:56,35:32:51,"",51:50:05,00:59:07,52:49:12
30,manual-main-129901,Media-VP-KBL-PreETM,30:03:57,30:03:57,21:13:02,"",51:50:05,00:59:07,52:49:12
30,manual-main-129886,Media-VP-KBL-PreETM,29:26:16,29:26:16,22:47:10,"",56:18:01,01:05:25,57:23:26
30,manual-main-129886,Media-VP-BXT-PreETM,26:57:28,26:57:28,35:32:43,"",56:18:01,01:05:25,57:23:26
30,manual-main-129886,Media-Encode-Pre-ETM-BXT-Android,44:57:54,44:57:55,15:52:24,"",56:18:01,01:05:25,57:23:26
30,manual-main-129886,Media-Encode-CNL-PreETM,31:53:24,31:53:24,46:10:31,"",56:18:01,01:05:25,57:23:26
30,manual-main-129886,Media-Encode-KBL-PreETM,28:34:04,28:34:05,18:11:31,"",56:18:01,01:05:25,57:23:26
30,manual-main-129886,Media-Decode-CNL-PreETM,30:44:39,30:44:39,100:29:26,"",56:18:01,01:05:25,57:23:26
30,manual-main-129886,Media-Decode-BXT-PreETM,29:18:22,29:18:22,230:38:41,"",56:18:01,01:05:25,57:23:26
30,manual-main-129886,Media-CP-BXT-PreETM,26:35:19,26:35:19,335:58:52,"",56:18:01,01:05:25,57:23:26
30,manual-main-129878,Media-VP-BXT-PreETM,31:50:15,31:50:16,69:32:28,"",31:50:16,00:58:15,32:48:31
30,manual-main-129878,Media-VP-KBL-PreETM,29:44:22,29:44:23,23:44:38,"",31:50:16,00:58:15,32:48:31
30,manual-main-129877,Media-VP-KBL-PreETM,28:55:15,28:55:16,47:45:03,"",28:55:52,00:50:16,29:46:08
30,manual-main-129877,Media-VP-BXT-PreETM,28:11:01,28:11:02,93:12:58,"",28:55:52,00:50:16,29:46:08
30,manual-main-129870,Media-CP-BXT-PreETM,27:13:53,27:13:54,407:58:24,"",27:13:54,01:08:28,28:22:22
30,manual-main-129705,Media-CP-BXT-PreETM,40:45:22,40:45:22,335:58:47,"",40:45:22,01:10:39,41:56:01
30,manual-main-129700,Media-CP-BXT-PreETM,42:33:18,42:33:18,359:58:39,"",42:33:18,01:09:20,43:42:38
30,manual-main-129693,Media-VP-BXT-PreETM,48:39:28,48:39:28,87:32:46,"",48:39:28,00:58:39,49:38:07
30,manual-main-129693,Media-VP-KBL-PreETM,44:48:34,44:48:34,69:54:15,"",48:39:28,00:58:39,49:38:07
30,manual-main-129691,Media-Encode-KBL-PreETM,44:34:01,44:34:01,17:51:22,"",47:48:20,01:15:47,49:04:07
30,manual-main-129691,Media-Encode-CNL-PreETM,47:46:52,47:46:52,87:36:55,"",47:48:20,01:15:47,49:04:07
30,manual-main-129691,Media-Encode-BXT-PreETM,45:17:31,45:17:31,54:17:05,"",47:48:20,01:15:47,49:04:07
30,manual-main-129687,Media-Encode-Pre-ETM-BXT-Android,51:23:10,51:23:10,15:36:15,"",51:23:10,00:43:20,52:06:30
30,manual-main-129677,Media-CP-BXT-PreETM,43:49:49,43:49:49,383:58:49,"",43:49:49,01:14:09,45:03:58
30,manual-main-129651,Media-CP-BXT-PreETM,19:14:38,19:14:39,95:59:38,0:40:27,75:10:32,01:07:46,76:18:18
30,manual-main-129651,Media-Decode-BXT-PreETM,48:49:34,51:28:55,130:48:08,0:40:27,75:10:32,01:07:46,76:18:18
30,manual-main-129651,Media-Encode-BXT-PreETM,75:07:07,75:07:07,350:27:19,0:40:27,75:10:32,01:07:46,76:18:18
30,manual-main-129651,Media-Decode-CNL-PreETM,50:31:34,50:31:35,42:16:12,0:40:27,75:10:32,01:07:46,76:18:18
30,manual-main-129651,Media-Encode-Pre-ETM-BXT-Android,56:32:45,56:32:45,12:47:34,0:40:27,75:10:32,01:07:46,76:18:18
30,manual-main-129651,Media-VP-BXT-PreETM,48:47:51,48:47:51,40:44:11,0:40:27,75:10:32,01:07:46,76:18:18
30,manual-main-129651,Media-Encode-CNL-PreETM,51:09:51,51:09:51,38:03:02,0:40:27,75:10:32,01:07:46,76:18:18
30,manual-main-129651,Media-Encode-KBL-PreETM,49:24:57,49:24:58,17:06:31,0:40:27,75:10:32,01:07:46,76:18:18
30,manual-main-129651,Media-VP-KBL-PreETM,49:31:46,49:31:46,13:33:41,0:40:27,75:10:32,01:07:46,76:18:18
30,manual-main-129648,Media-Encode-KBL-PreETM,05:04:48,05:04:48,553:18:21,"",33:01:46,00:54:14,33:56:00
30,manual-main-129648,Media-Encode-CNL-PreETM,12:41:31,12:41:31,180:42:48,"",33:01:46,00:54:14,33:56:00
30,manual-main-129648,Media-Encode-BXT-PreETM,33:01:45,33:01:46,606:29:03,"",33:01:46,00:54:14,33:56:00
30,manual-main-129633,Media-CP-BXT-PreETM,00:08:58,00:08:58,143:59:31,"",0:08:58,01:10:36,01:19:34
30,manual-main-129631,Media-Encode-BXT-PreETM,28:46:07,28:46:07,987:30:08,"",28:46:07,00:59:14,29:45:21
30,manual-main-129631,Media-Encode-CNL-PreETM,04:14:00,04:14:00,52:02:21,"",28:46:07,00:59:14,29:45:21
30,manual-main-129631,Media-Encode-KBL-PreETM,08:23:27,08:23:27,30:08:14,"",28:46:07,00:59:14,29:45:21
30,manual-main-129457,Media-VP-BXT-PreETM,13:25:42,13:25:43,105:28:38,"",13:25:43,01:44:41,15:10:24
30,manual-main-129449,Media-Decode-CNL-PreETM,03:53:15,03:53:15,69:14:25,"",4:28:46,00:48:27,05:17:13
30,manual-main-129449,Media-Decode-BXT-PreETM,04:28:45,04:28:46,246:41:05,"",4:28:46,00:48:27,05:17:13
30,manual-main-129447,Media-Decode-BXT-PreETM,04:42:04,04:42:04,182:46:02,"",9:14:09,00:48:01,10:02:10
30,manual-main-129447,Media-Decode-CNL-PreETM,09:13:18,09:13:18,108:42:20,"",9:14:09,00:48:01,10:02:10
30,manual-main-129438,Media-Encode-BXT-PreETM,05:13:21,73:49:22,52:31:02,20:33:15,73:49:22,00:49:45,74:39:07
30,manual-main-129438,Media-Encode-BXT-PreETM,05:13:21,73:49:22,52:31:02,9:06:47,73:49:22,00:49:45,74:39:07
30,manual-main-129438,Media-Encode-KBL-PreETM,01:17:23,01:17:23,16:40:38,20:33:15,73:49:22,00:49:45,74:39:07
30,manual-main-129438,Media-Encode-KBL-PreETM,01:17:23,01:17:23,16:40:38,9:06:47,73:49:22,00:49:45,74:39:07
30,manual-main-129438,Media-Encode-CNL-PreETM,03:13:44,48:37:36,41:49:16,20:33:15,73:49:22,00:49:45,74:39:07
30,manual-main-129438,Media-Encode-CNL-PreETM,03:13:44,48:37:36,41:49:16,9:06:47,73:49:22,00:49:45,74:39:07
30,manual-main-129423,Media-Decode-CNL-PreETM,05:38:02,05:38:02,70:55:41,"",18:35:43,00:51:42,19:27:25
30,manual-main-129423,Media-Decode-BXT-PreETM,18:35:43,18:35:43,282:24:30,"",18:35:43,00:51:42,19:27:25
30,manual-main-129422,Media-Decode-BXT-PreETM,35:03:18,35:03:18,321:57:20,"",35:03:18,00:53:28,35:56:46
30,manual-main-129422,Media-Decode-CNL-PreETM,03:31:13,03:31:13,62:06:31,"",35:03:18,00:53:28,35:56:46
29,manual-main-129396,Media-Decode-CNL-PreETM,03:21:16,03:21:17,68:47:28,"",22:46:42,00:49:23,23:36:05
29,manual-main-129396,Media-Decode-BXT-PreETM,22:46:41,22:46:42,217:47:18,"",22:46:42,00:49:23,23:36:05
29,manual-main-129394,Media-Decode-BXT-PreETM,19:18:03,19:18:03,327:09:34,"",19:18:03,00:58:16,20:16:19
29,manual-main-129394,Media-Decode-CNL-PreETM,04:13:55,04:13:55,42:39:18,"",19:18:03,00:58:16,20:16:19
29,manual-main-129393,Media-Decode-CNL-PreETM,03:32:30,03:32:30,73:58:40,"",6:18:23,00:56:43,07:15:06
29,manual-main-129393,Media-Decode-BXT-PreETM,06:18:23,06:18:23,305:11:01,"",6:18:23,00:56:43,07:15:06
29,manual-main-129353,Media-Decode-BXT-PreETM,17:05:29,17:05:29,169:29:13,3:39:24,67:33:07,01:05:02,68:38:09
29,manual-main-129353,Media-CP-BXT-PreETM,02:22:33,02:22:33,359:58:35,3:39:24,67:33:07,01:05:02,68:38:09
29,manual-main-129353,Media-Decode-CNL-PreETM,06:05:19,06:05:19,46:27:04,3:39:24,67:33:07,01:05:02,68:38:09
29,manual-main-129353,Media-Encode-BXT-PreETM,31:31:56,31:31:56,406:39:37,3:39:24,67:33:07,01:05:02,68:38:09
29,manual-main-129353,Media-Encode-CNL-PreETM,07:08:57,67:28:24,45:35:06,3:39:24,67:33:07,01:05:02,68:38:09
29,manual-main-129353,Media-Encode-KBL-PreETM,04:02:12,04:02:12,20:12:35,3:39:24,67:33:07,01:05:02,68:38:09
29,manual-main-129353,Media-VP-BXT-PreETM,06:55:31,06:55:31,63:14:17,3:39:24,67:33:07,01:05:02,68:38:09
29,manual-main-129353,Media-Encode-Pre-ETM-BXT-Android,06:17:24,06:17:24,14:18:49,3:39:24,67:33:07,01:05:02,68:38:09
29,manual-main-129349,Media-Encode-KBL-PreETM,03:07:27,03:07:27,17:11:15,"",5:58:52,01:05:56,07:04:48
29,manual-main-129349,Media-Encode-CNL-PreETM,05:55:22,05:55:22,49:25:13,"",5:58:52,01:05:56,07:04:48
29,manual-main-129349,Media-Encode-BXT-PreETM,03:23:38,03:23:38,42:45:52,"",5:58:52,01:05:56,07:04:48
29,manual-main-129327,Media-VP-BXT-PreETM,04:12:28,04:12:28,50:04:07,"",4:12:28,01:11:53,05:24:21
29,manual-main-129317,Media-VP-BXT-PreETM,04:03:48,04:03:48,43:41:43,"",4:03:48,01:05:40,05:09:28
29,manual-main-129275,Media-VP-BXT-PreETM,07:11:43,07:11:43,51:36:34,"",7:11:43,01:14:11,08:25:54
29,manual-main-129275,Media-CP-BXT-PreETM,00:15:33,00:15:33,383:58:52,"",7:11:43,01:14:11,08:25:54
29,manual-main-129129,Media-CP-BXT-PreETM,00:11:42,00:11:42,359:58:59,182:05:26,166:29:57,01:08:50,67:38:47
29,manual-main-129129,Media-Decode-BXT-PreETM,05:59:20,166:29:12,253:51:25,182:05:26,166:29:57,01:08:50,67:38:47
29,manual-main-129129,Media-Decode-CNL-PreETM,08:19:37,08:19:38,47:25:23,182:05:26,166:29:57,01:08:50,67:38:47
29,manual-main-129118,Media-VP-BXT-PreETM,13:20:04,13:20:04,68:29:36,"",13:20:04,01:14:01,14:34:05
29,manual-main-129068,Media-VP-BXT-PreETM,04:26:02,04:26:02,48:32:07,"",4:26:02,01:16:40,05:42:42
29,manual-main-129068,Media-CP-BXT-PreETM,00:21:56,00:21:56,359:58:27,"",4:26:02,01:16:40,05:42:42
29,manual-main-129063,Media-VP-BXT-PreETM,04:54:50,04:54:51,46:05:42,"",4:54:51,01:02:53,05:57:44
29,manual-main-129059,Media-Encode-Pre-ETM-BXT-Android,03:53:43,03:53:44,14:38:03,"",8:34:52,00:58:30,09:33:22
29,manual-main-129059,Media-Encode-CNL-PreETM,04:03:33,04:03:33,40:54:40,"",8:34:52,00:58:30,09:33:22
29,manual-main-129059,Media-Encode-KBL-PreETM,01:25:43,01:25:44,14:49:11,"",8:34:52,00:58:30,09:33:22
29,manual-main-129059,Media-Encode-BXT-PreETM,08:34:52,08:34:52,114:37:47,"",8:34:52,00:58:30,09:33:22
29,manual-main-129047,Media-Decode-CNL-PreETM,04:52:14,04:52:15,49:49:55,2:46:28,11:53:38,01:09:46,13:03:24
29,manual-main-129047,Media-CP-BXT-PreETM,00:13:01,00:13:01,359:58:44,2:46:28,11:53:38,01:09:46,13:03:24
29,manual-main-129047,Media-Decode-BXT-PreETM,04:46:51,11:51:55,186:42:34,2:46:28,11:53:38,01:09:46,13:03:24
29,manual-main-129007,Media-Encode-BXT-PreETM,35:16:06,35:16:07,446:56:43,"",35:16:07,01:12:42,36:28:49
29,manual-main-129007,Media-Encode-KBL-PreETM,01:12:40,01:12:40,17:55:46,"",35:16:07,01:12:42,36:28:49
29,manual-main-129007,Media-Encode-CNL-PreETM,04:32:04,04:32:04,66:54:26,"",35:16:07,01:12:42,36:28:49
29,manual-main-128971,Media-VP-BXT-PreETM,03:48:47,03:48:47,40:57:01,"",3:48:47,01:04:37,04:53:24
29,manual-main-128936,Media-VP-BXT-PreETM,07:13:04,95:16:42,67:07:09,0:51:05,95:19:07,01:05:03,96:24:10
29,manual-main-128936,Media-VP-BXT-PreETM,07:13:04,95:16:42,67:07:09,0:19:20,95:19:07,01:05:03,96:24:10
29,manual-main-128936,Media-Encode-CNL-PreETM,05:23:35,95:15:33,54:28:31,0:51:05,95:19:07,01:05:03,96:24:10
29,manual-main-128936,Media-Encode-CNL-PreETM,05:23:35,95:15:33,54:28:31,0:19:20,95:19:07,01:05:03,96:24:10
29,manual-main-128936,Media-Encode-KBL-PreETM,03:43:47,03:43:47,24:31:01,0:51:05,95:19:07,01:05:03,96:24:10
29,manual-main-128936,Media-Encode-KBL-PreETM,03:43:47,03:43:47,24:31:01,0:19:20,95:19:07,01:05:03,96:24:10
29,manual-main-128936,Media-Encode-BXT-PreETM,05:05:25,05:05:25,87:47:26,0:51:05,95:19:07,01:05:03,96:24:10
29,manual-main-128936,Media-Encode-BXT-PreETM,05:05:25,05:05:25,87:47:26,0:19:20,95:19:07,01:05:03,96:24:10
29,manual-main-128936,Media-Decode-CNL-PreETM,04:12:39,04:12:39,56:27:23,0:51:05,95:19:07,01:05:03,96:24:10
29,manual-main-128936,Media-Decode-CNL-PreETM,04:12:39,04:12:39,56:27:23,0:19:20,95:19:07,01:05:03,96:24:10
29,manual-main-128936,Media-Decode-BXT-PreETM,05:07:00,05:07:00,222:54:22,0:51:05,95:19:07,01:05:03,96:24:10
29,manual-main-128936,Media-Decode-BXT-PreETM,05:07:00,05:07:00,222:54:22,0:19:20,95:19:07,01:05:03,96:24:10
29,manual-main-128936,Media-CP-BXT-PreETM,01:36:22,01:36:22,239:38:41,0:51:05,95:19:07,01:05:03,96:24:10
29,manual-main-128936,Media-CP-BXT-PreETM,01:36:22,01:36:22,239:38:41,0:19:20,95:19:07,01:05:03,96:24:10
29,manual-main-128858,Media-Encode-BXT-PreETM,30:16:17,30:16:17,373:14:06,"",30:16:17,01:12:27,31:28:44
29,manual-main-128858,Media-Encode-KBL-PreETM,03:38:24,03:38:24,17:22:49,"",30:16:17,01:12:27,31:28:44
29,manual-main-128858,Media-Encode-CNL-PreETM,06:11:47,06:43:44,49:12:27,"",30:16:17,01:12:27,31:28:44
29,manual-main-128857,Media-Encode-CNL-PreETM,05:31:50,05:31:50,46:01:03,"",36:34:21,01:10:45,37:45:06
29,manual-main-128857,Media-Encode-KBL-PreETM,03:09:30,03:09:30,17:08:54,"",36:34:21,01:10:45,37:45:06
29,manual-main-128857,Media-Encode-BXT-PreETM,36:34:21,36:34:21,421:30:26,"",36:34:21,01:10:45,37:45:06
29,manual-main-128851,Media-Encode-BXT-PreETM,08:00:06,20:50:19,51:42:08,1:17:21,26:14:06,01:19:34,27:33:40
29,manual-main-128851,Media-Encode-BXT-PreETM,08:00:06,20:50:19,51:42:08,6:17:51,26:14:06,01:19:34,27:33:40
29,manual-main-128851,Media-Encode-KBL-PreETM,03:04:21,03:04:22,19:12:57,1:17:21,26:14:06,01:19:34,27:33:40
29,manual-main-128851,Media-Encode-KBL-PreETM,03:04:21,03:04:22,19:12:57,6:17:51,26:14:06,01:19:34,27:33:40
29,manual-main-128851,Media-Encode-CNL-PreETM,05:41:18,26:12:47,49:07:36,1:17:21,26:14:06,01:19:34,27:33:40
29,manual-main-128851,Media-Encode-CNL-PreETM,05:41:18,26:12:47,49:07:36,6:17:51,26:14:06,01:19:34,27:33:40
29,manual-main-128851,Media-Encode-Pre-ETM-BXT-Android,04:47:29,04:47:29,14:20:37,1:17:21,26:14:06,01:19:34,27:33:40
29,manual-main-128851,Media-Encode-Pre-ETM-BXT-Android,04:47:29,04:47:29,14:20:37,6:17:51,26:14:06,01:19:34,27:33:40
29,manual-main-128848,Media-Encode-CNL-PreETM,05:17:05,05:17:05,47:04:46,"",5:18:42,01:23:26,06:42:08
29,manual-main-128848,Media-Encode-KBL-PreETM,02:19:10,02:19:10,17:37:04,"",5:18:42,01:23:26,06:42:08
29,manual-main-128848,Media-Encode-BXT-PreETM,02:28:01,02:28:02,83:39:17,"",5:18:42,01:23:26,06:42:08
29,manual-main-128834,Media-Encode-BXT-PreETM,10:51:47,10:51:47,143:38:43,"",10:51:47,01:12:10,12:03:57
29,manual-main-128834,Media-Encode-KBL-PreETM,05:24:25,05:24:25,19:52:40,"",10:51:47,01:12:10,12:03:57
29,manual-main-128834,Media-Encode-CNL-PreETM,08:16:57,08:16:57,52:52:03,"",10:51:47,01:12:10,12:03:57
29,manual-main-128832,Media-Encode-CNL-PreETM,05:57:50,143:30:42,53:54:07,2:35:14,143:33:41,01:13:30,44:47:11
29,manual-main-128832,Media-Encode-CNL-PreETM,05:57:50,143:30:42,53:54:07,37:05:39,143:33:41,01:13:30,44:47:11
29,manual-main-128832,Media-Encode-CNL-PreETM,05:57:50,143:30:42,53:54:07,55:56:16,143:33:41,01:13:30,44:47:11
29,manual-main-128832,Media-Encode-KBL-PreETM,04:10:03,04:10:03,20:24:36,2:35:14,143:33:41,01:13:30,44:47:11
29,manual-main-128832,Media-Encode-KBL-PreETM,04:10:03,04:10:03,20:24:36,37:05:39,143:33:41,01:13:30,44:47:11
29,manual-main-128832,Media-Encode-KBL-PreETM,04:10:03,04:10:03,20:24:36,55:56:16,143:33:41,01:13:30,44:47:11
29,manual-main-128832,Media-Encode-Pre-ETM-BXT-Android,08:03:41,08:03:42,16:51:50,2:35:14,143:33:41,01:13:30,44:47:11
29,manual-main-128832,Media-Encode-Pre-ETM-BXT-Android,08:03:41,08:03:42,16:51:50,37:05:39,143:33:41,01:13:30,44:47:11
29,manual-main-128832,Media-Encode-Pre-ETM-BXT-Android,08:03:41,08:03:42,16:51:50,55:56:16,143:33:41,01:13:30,44:47:11
29,manual-main-128832,Media-Encode-BXT-PreETM,12:05:07,58:52:12,92:46:37,2:35:14,143:33:41,01:13:30,44:47:11
29,manual-main-128832,Media-Encode-BXT-PreETM,12:05:07,58:52:12,92:46:37,37:05:39,143:33:41,01:13:30,44:47:11
29,manual-main-128832,Media-Encode-BXT-PreETM,12:05:07,58:52:12,92:46:37,55:56:16,143:33:41,01:13:30,44:47:11
29,manual-main-128832,Media-Decode-CNL-PreETM,06:30:13,06:30:13,47:26:29,2:35:14,143:33:41,01:13:30,44:47:11
29,manual-main-128832,Media-Decode-CNL-PreETM,06:30:13,06:30:13,47:26:29,37:05:39,143:33:41,01:13:30,44:47:11
29,manual-main-128832,Media-Decode-CNL-PreETM,06:30:13,06:30:13,47:26:29,55:56:16,143:33:41,01:13:30,44:47:11
29,manual-main-128832,Media-CP-BXT-PreETM,03:37:19,03:37:20,239:59:13,2:35:14,143:33:41,01:13:30,44:47:11
29,manual-main-128832,Media-CP-BXT-PreETM,03:37:19,03:37:20,239:59:13,37:05:39,143:33:41,01:13:30,44:47:11
29,manual-main-128832,Media-CP-BXT-PreETM,03:37:19,03:37:20,239:59:13,55:56:16,143:33:41,01:13:30,44:47:11
29,manual-main-128832,Media-Decode-BXT-PreETM,07:47:53,52:52:20,231:59:06,2:35:14,143:33:41,01:13:30,44:47:11
29,manual-main-128832,Media-Decode-BXT-PreETM,07:47:53,52:52:20,231:59:06,37:05:39,143:33:41,01:13:30,44:47:11
29,manual-main-128832,Media-Decode-BXT-PreETM,07:47:53,52:52:20,231:59:06,55:56:16,143:33:41,01:13:30,44:47:11
29,manual-main-128830,Media-CP-BXT-PreETM,00:48:53,00:48:53,383:58:54,"",5:54:20,01:13:14,07:07:34
29,manual-main-128830,Media-VP-BXT-PreETM,05:54:20,05:54:20,89:18:02,"",5:54:20,01:13:14,07:07:34
29,manual-main-128777,Media-VP-BXT-PreETM,08:13:10,08:13:10,56:16:19,"",8:13:10,01:16:17,09:29:27
29,manual-main-128777,Media-CP-BXT-PreETM,03:33:07,03:33:07,288:29:04,"",8:13:10,01:16:17,09:29:27
29,manual-main-128757,Media-VP-BXT-PreETM,07:51:20,17:46:52,55:35:37,4:03:27,17:46:52,01:40:09,19:27:01
29,manual-main-128747,Media-VP-BXT-PreETM,17:10:39,26:59:41,65:13:25,4:07:26,26:59:41,01:18:57,28:18:38
29,manual-main-128747,Media-CP-BXT-PreETM,04:04:33,04:04:33,191:59:21,4:07:26,26:59:41,01:18:57,28:18:38
29,manual-main-128744,Media-CP-BXT-PreETM,05:02:04,05:02:04,240:59:09,"",5:02:04,01:19:15,06:21:19
29,manual-main-128675,Media-Encode-BXT-PreETM,13:00:10,30:31:00,45:59:37,15:22:21,30:31:00,01:14:12,31:45:12
29,manual-main-128675,Media-Encode-BXT-PreETM,13:00:10,30:31:00,45:59:37,2:43:04,30:31:00,01:14:12,31:45:12
29,manual-main-128675,Media-Encode-Pre-ETM-BXT-Android,15:43:03,15:43:04,17:20:45,15:22:21,30:31:00,01:14:12,31:45:12
29,manual-main-128675,Media-Encode-Pre-ETM-BXT-Android,15:43:03,15:43:04,17:20:45,2:43:04,30:31:00,01:14:12,31:45:12
29,manual-main-128675,Media-Encode-KBL-PreETM,10:56:48,10:56:48,10:45:53,15:22:21,30:31:00,01:14:12,31:45:12
29,manual-main-128675,Media-Encode-KBL-PreETM,10:56:48,10:56:48,10:45:53,2:43:04,30:31:00,01:14:12,31:45:12
29,manual-main-128675,Media-Encode-CNL-PreETM,09:56:20,16:59:48,25:32:17,15:22:21,30:31:00,01:14:12,31:45:12
29,manual-main-128675,Media-Encode-CNL-PreETM,09:56:20,16:59:48,25:32:17,2:43:04,30:31:00,01:14:12,31:45:12
29,manual-main-128671,Media-Encode-CNL-PreETM,15:48:15,15:48:15,37:31:51,"",15:49:51,01:20:03,17:09:54
29,manual-main-128671,Media-Encode-KBL-PreETM,13:47:18,13:47:18,14:36:06,"",15:49:51,01:20:03,17:09:54
29,manual-main-128671,Media-Encode-BXT-PreETM,14:06:19,14:06:19,22:40:20,"",15:49:51,01:20:03,17:09:54
29,manual-main-128583,Media-CP-BXT-PreETM,01:37:28,01:37:28,245:29:22,"",1:37:28,00:52:15,02:29:43
29,manual-main-128548,Media-Encode-BXT-PreETM,08:35:14,08:35:14,63:52:47,"",8:35:14,00:50:31,09:25:45
29,manual-main-128548,Media-Encode-KBL-PreETM,01:19:21,01:19:21,19:02:46,"",8:35:14,00:50:31,09:25:45
29,manual-main-128548,Media-Encode-CNL-PreETM,03:58:26,03:58:26,46:24:58,"",8:35:14,00:50:31,09:25:45
29,manual-main-128540,Media-VP-BXT-PreETM,03:47:19,03:47:20,44:20:51,"",3:47:20,00:46:20,04:33:40
29,manual-main-128540,Media-CP-BXT-PreETM,01:16:12,01:16:12,174:59:57,"",3:47:20,00:46:20,04:33:40
28,manual-main-128520,Media-Encode-BXT-PreETM,06:08:48,06:08:48,57:36:39,"",6:08:48,00:55:53,07:04:41
28,manual-main-128520,Media-Encode-CNL-PreETM,03:47:36,03:47:36,47:55:40,"",6:08:48,00:55:53,07:04:41
28,manual-main-128520,Media-Encode-KBL-PreETM,01:23:54,01:23:54,20:09:00,"",6:08:48,00:55:53,07:04:41
28,manual-main-128443,Media-CP-BXT-PreETM,01:03:24,01:03:24,9:31:04,"",1:03:24,00:50:29,01:53:53
28,manual-main-128417,Media-CP-BXT-PreETM,01:04:11,01:04:11,9:00:26,"",1:04:11,01:04:51,02:09:02
28,manual-main-128362,Media-VP-BXT-PreETM,03:56:53,03:56:54,45:40:13,"",3:56:54,01:08:38,05:05:32
28,manual-main-128353,Media-VP-BXT-PreETM,03:50:37,03:50:37,43:57:09,"",3:50:37,01:13:13,05:03:50
28,manual-main-128192,Media-CP-BXT-PreETM,01:09:38,01:09:38,4:35:26,3:25:28,16:29:32,01:37:57,18:07:29
28,manual-main-128192,Media-Decode-BXT-PreETM,05:23:21,16:28:15,125:16:20,3:25:28,16:29:32,01:37:57,18:07:29
28,manual-main-128192,Media-Decode-CNL-PreETM,04:41:50,04:41:50,42:49:54,3:25:28,16:29:32,01:37:57,18:07:29
28,manual-main-128155,Media-VP-BXT-PreETM,04:18:39,04:18:39,44:32:56,"",4:18:39,00:58:06,05:16:45
28,manual-main-128033,Media-Decode-CNL-PreETM,03:49:26,03:49:26,46:41:04,38:59:43,23:31:42,01:36:52,25:08:34
28,manual-main-128033,Media-Decode-BXT-PreETM,07:35:21,23:31:42,162:16:45,38:59:43,23:31:42,01:36:52,25:08:34
28,manual-main-128031,Media-VP-BXT-PreETM,07:27:42,07:27:42,57:08:10,"",7:27:42,01:41:00,09:08:42
28,manual-main-128010,Media-VP-BXT-PreETM,15:28:15,51:54:03,55:07:13,8:45:52,51:54:03,01:08:34,53:02:37
28,manual-main-127967,Media-Encode-Pre-ETM-BXT-Android,07:34:07,07:34:08,16:12:04,12:38:07,24:49:13,00:52:58,25:42:11
28,manual-main-127967,Media-Encode-Pre-ETM-BXT-Android,07:34:07,07:34:08,16:12:04,1:16:28,24:49:13,00:52:58,25:42:11
28,manual-main-127967,Media-Encode-KBL-PreETM,04:56:35,04:56:35,15:36:56,12:38:07,24:49:13,00:52:58,25:42:11
28,manual-main-127967,Media-Encode-KBL-PreETM,04:56:35,04:56:35,15:36:56,1:16:28,24:49:13,00:52:58,25:42:11
28,manual-main-127967,Media-Encode-CNL-PreETM,07:55:12,09:54:11,38:38:19,12:38:07,24:49:13,00:52:58,25:42:11
28,manual-main-127967,Media-Encode-CNL-PreETM,07:55:12,09:54:11,38:38:19,1:16:28,24:49:13,00:52:58,25:42:11
28,manual-main-127967,Media-Encode-BXT-PreETM,06:10:44,24:49:13,35:48:07,12:38:07,24:49:13,00:52:58,25:42:11
28,manual-main-127967,Media-Encode-BXT-PreETM,06:10:44,24:49:13,35:48:07,1:16:28,24:49:13,00:52:58,25:42:11
28,manual-main-127908,Media-VP-BXT-PreETM,04:48:51,04:48:51,47:12:13,"",4:48:51,00:59:33,05:48:24
28,manual-main-127859,Media-VP-BXT-PreETM,05:06:03,05:06:04,44:45:43,"",5:06:04,00:57:15,06:03:19
28,manual-main-127856,Media-Decode-CNL-PreETM,03:13:57,03:13:57,54:09:42,"",4:13:24,00:57:35,05:10:59
28,manual-main-127856,Media-Decode-BXT-PreETM,04:13:24,04:13:24,154:13:09,"",4:13:24,00:57:35,05:10:59
28,manual-main-127854,Media-Decode-BXT-PreETM,05:08:22,24:52:47,146:50:48,33:47:34,24:52:47,00:59:30,25:52:17
28,manual-main-127854,Media-Decode-CNL-PreETM,05:02:58,05:02:58,50:35:56,33:47:34,24:52:47,00:59:30,25:52:17
28,manual-main-127831,Media-Encode-BXT-PreETM,04:17:43,04:17:43,35:20:57,"",5:48:16,00:49:24,06:37:40
28,manual-main-127831,Media-Encode-Pre-ETM-BXT-Android,05:45:34,05:45:34,17:15:23,"",5:48:16,00:49:24,06:37:40
28,manual-main-127831,Media-Encode-CNL-PreETM,05:36:05,05:36:05,40:25:20,"",5:48:16,00:49:24,06:37:40
28,manual-main-127831,Media-Encode-KBL-PreETM,02:53:41,02:53:41,15:37:41,"",5:48:16,00:49:24,06:37:40
28,manual-main-127812,Media-Encode-KBL-PreETM,02:46:06,02:46:06,14:08:22,"",9:33:28,00:56:42,10:30:10
28,manual-main-127812,Media-Encode-CNL-PreETM,06:12:48,06:12:49,40:57:33,"",9:33:28,00:56:42,10:30:10
28,manual-main-127812,Media-Encode-BXT-PreETM,09:33:28,09:33:28,40:32:07,"",9:33:28,00:56:42,10:30:10
28,manual-main-127803,Media-Encode-BXT-PreETM,04:46:58,04:46:58,28:15:09,"",8:10:56,00:54:46,09:05:42
28,manual-main-127803,Media-Decode-CNL-PreETM,05:16:31,05:16:31,43:51:54,"",8:10:56,00:54:46,09:05:42
28,manual-main-127803,Media-Decode-BXT-PreETM,05:22:05,05:22:05,128:47:29,"",8:10:56,00:54:46,09:05:42
28,manual-main-127803,Media-CP-BXT-PreETM,01:02:12,01:02:12,7:30:38,"",8:10:56,00:54:46,09:05:42
28,manual-main-127803,Media-Encode-CNL-PreETM,06:32:18,06:32:18,37:26:42,"",8:10:56,00:54:46,09:05:42
28,manual-main-127803,Media-Encode-KBL-PreETM,03:19:37,03:19:37,12:18:38,"",8:10:56,00:54:46,09:05:42
28,manual-main-127803,Media-Encode-Pre-ETM-BXT-Android,08:04:21,08:04:21,15:44:07,"",8:10:56,00:54:46,09:05:42
28,manual-main-127803,Media-VP-BXT-PreETM,04:27:46,04:27:46,50:38:30,"",8:10:56,00:54:46,09:05:42
28,manual-main-127737,Media-Decode-BXT-PreETM,03:54:10,03:54:10,156:19:12,"",4:03:09,01:04:45,05:07:54
28,manual-main-127737,Media-Decode-CNL-PreETM,04:01:35,04:01:35,48:13:46,"",4:03:09,01:04:45,05:07:54
27,manual-main-127644,Media-VP-BXT-PreETM,03:38:04,03:38:04,41:55:10,"",3:38:04,00:55:48,04:33:52
27,manual-main-127600,Media-VP-BXT-PreETM,04:53:55,71:25:32,45:01:37,1:19:06,71:25:32,00:56:01,72:21:33
27,manual-main-127512,Media-VP-BXT-PreETM,03:55:41,23:07:01,41:38:35,1:07:13,23:07:01,01:08:11,24:15:12
27,manual-main-127503,Media-VP-BXT-PreETM,03:59:04,03:59:04,44:50:07,"",3:59:04,00:56:56,04:56:00
27,manual-main-127456,Media-VP-BXT-PreETM,04:34:46,04:34:46,49:58:29,"",4:34:46,00:54:33,05:29:19
27,manual-main-127397,Media-Encode-Pre-ETM-BXT-Android,05:11:24,05:11:25,16:33:18,"",5:11:25,00:58:17,06:09:42
27,manual-main-127396,Media-Encode-KBL-PreETM,02:35:03,02:35:03,15:21:38,8:56:46,22:40:29,01:02:39,23:43:08
27,manual-main-127396,Media-Encode-KBL-PreETM,02:35:03,02:35:03,15:21:38,2:13:16,22:40:29,01:02:39,23:43:08
27,manual-main-127396,Media-Encode-CNL-PreETM,05:11:20,20:20:01,53:57:15,8:56:46,22:40:29,01:02:39,23:43:08
27,manual-main-127396,Media-Encode-CNL-PreETM,05:11:20,20:20:01,53:57:15,2:13:16,22:40:29,01:02:39,23:43:08
27,manual-main-127396,Media-Encode-BXT-PreETM,13:22:52,22:40:29,72:39:37,8:56:46,22:40:29,01:02:39,23:43:08
27,manual-main-127396,Media-Encode-BXT-PreETM,13:22:52,22:40:29,72:39:37,2:13:16,22:40:29,01:02:39,23:43:08
27,manual-main-127316,Media-Encode-Pre-ETM-BXT-Android,03:21:41,03:21:41,15:37:32,"",3:21:41,00:32:04,03:53:45
27,manual-main-127263,Media-Encode-Pre-ETM-BXT-Android,02:51:51,02:51:51,20:53:52,"",7:47:37,00:57:00,08:44:37
27,manual-main-127263,Media-Encode-KBL-PreETM,01:03:24,01:03:24,9:51:48,"",7:47:37,00:57:00,08:44:37
27,manual-main-127263,Media-Encode-BXT-PreETM,02:59:46,02:59:46,43:17:35,"",7:47:37,00:57:00,08:44:37
27,manual-main-127263,Media-Encode-CNL-PreETM,07:46:55,07:46:55,35:14:51,"",7:47:37,00:57:00,08:44:37
27,manual-main-127256,Media-Encode-CNL-PreETM,03:55:32,03:55:32,34:58:44,"",8:37:50,00:45:11,09:23:01
27,manual-main-127256,Media-Encode-BXT-PreETM,08:37:50,08:37:50,57:10:07,"",8:37:50,00:45:11,09:23:01
27,manual-main-127256,Media-Encode-KBL-PreETM,01:01:55,01:01:55,10:03:49,"",8:37:50,00:45:11,09:23:01
27,manual-main-127256,Media-Encode-Pre-ETM-BXT-Android,03:30:33,03:30:33,15:43:36,"",8:37:50,00:45:11,09:23:01
27,manual-main-127153,Media-VP-BXT-PreETM,06:12:59,06:13:00,91:51:58,0:14:24,28:10:13,00:49:23,28:59:36
27,manual-main-127153,Media-Encode-KBL-PreETM,03:32:37,03:32:37,11:48:40,0:14:24,28:10:13,00:49:23,28:59:36
27,manual-main-127153,Media-Encode-BXT-PreETM,04:13:19,04:13:19,33:17:50,0:14:24,28:10:13,00:49:23,28:59:36
27,manual-main-127153,Media-Encode-CNL-PreETM,06:12:23,06:12:23,34:51:12,0:14:24,28:10:13,00:49:23,28:59:36
27,manual-main-127153,Media-Decode-BXT-PreETM,05:52:06,28:09:22,212:04:45,0:14:24,28:10:13,00:49:23,28:59:36
27,manual-main-127153,Media-Decode-CNL-PreETM,05:03:24,05:03:24,54:31:36,0:14:24,28:10:13,00:49:23,28:59:36
27,manual-main-127142,Media-Decode-CNL-PreETM,05:12:34,05:12:34,58:55:57,"",5:45:19,01:05:22,06:50:41
27,manual-main-127142,Media-Decode-BXT-PreETM,05:45:19,05:45:19,175:53:20,"",5:45:19,01:05:22,06:50:41
27,manual-main-127132,Media-Encode-CNL-PreETM,07:36:23,167:08:19,39:21:34,33:26:38,170:28:41,01:10:48,71:39:29
27,manual-main-127132,Media-Encode-CNL-PreETM,07:36:23,167:08:19,39:21:34,36:38:36,170:28:41,01:10:48,71:39:29
27,manual-main-127132,Media-Encode-CNL-PreETM,07:36:23,167:08:19,39:21:34,11:37:12,170:28:41,01:10:48,71:39:29
27,manual-main-127132,Media-Encode-CNL-PreETM,07:36:23,167:08:19,39:21:34,16:23:36,170:28:41,01:10:48,71:39:29
27,manual-main-127132,Media-Encode-BXT-PreETM,08:47:50,170:28:41,44:31:22,33:26:38,170:28:41,01:10:48,71:39:29
27,manual-main-127132,Media-Encode-BXT-PreETM,08:47:50,170:28:41,44:31:22,36:38:36,170:28:41,01:10:48,71:39:29
27,manual-main-127132,Media-Encode-BXT-PreETM,08:47:50,170:28:41,44:31:22,11:37:12,170:28:41,01:10:48,71:39:29
27,manual-main-127132,Media-Encode-BXT-PreETM,08:47:50,170:28:41,44:31:22,16:23:36,170:28:41,01:10:48,71:39:29
27,manual-main-127132,Media-Encode-KBL-PreETM,02:24:22,164:28:59,11:52:15,33:26:38,170:28:41,01:10:48,71:39:29
27,manual-main-127132,Media-Encode-KBL-PreETM,02:24:22,164:28:59,11:52:15,36:38:36,170:28:41,01:10:48,71:39:29
27,manual-main-127132,Media-Encode-KBL-PreETM,02:24:22,164:28:59,11:52:15,11:37:12,170:28:41,01:10:48,71:39:29
27,manual-main-127132,Media-Encode-KBL-PreETM,02:24:22,164:28:59,11:52:15,16:23:36,170:28:41,01:10:48,71:39:29
27,manual-main-127132,Media-Encode-Pre-ETM-BXT-Android,08:05:18,167:33:01,22:57:23,33:26:38,170:28:41,01:10:48,71:39:29
27,manual-main-127132,Media-Encode-Pre-ETM-BXT-Android,08:05:18,167:33:01,22:57:23,36:38:36,170:28:41,01:10:48,71:39:29
27,manual-main-127132,Media-Encode-Pre-ETM-BXT-Android,08:05:18,167:33:01,22:57:23,11:37:12,170:28:41,01:10:48,71:39:29
27,manual-main-127132,Media-Encode-Pre-ETM-BXT-Android,08:05:18,167:33:01,22:57:23,16:23:36,170:28:41,01:10:48,71:39:29
27,manual-main-127127,Media-Encode-KBL-PreETM,02:34:54,02:34:54,14:57:33,0:38:32,5:22:56,01:14:28,06:37:24
27,manual-main-127127,Media-Encode-KBL-PreETM,02:34:54,02:34:54,14:57:33,0:39:02,5:22:56,01:14:28,06:37:24
27,manual-main-127127,Media-Encode-BXT-PreETM,02:13:40,05:22:56,29:38:59,0:38:32,5:22:56,01:14:28,06:37:24
27,manual-main-127127,Media-Encode-BXT-PreETM,02:13:40,05:22:56,29:38:59,0:39:02,5:22:56,01:14:28,06:37:24
27,manual-main-127127,Media-Encode-CNL-PreETM,04:33:14,05:21:34,35:28:12,0:38:32,5:22:56,01:14:28,06:37:24
27,manual-main-127127,Media-Encode-CNL-PreETM,04:33:14,05:21:34,35:28:12,0:39:02,5:22:56,01:14:28,06:37:24
27,manual-main-127101,Media-CP-BXT-PreETM,02:44:07,02:44:07,9:00:25,"",2:44:07,01:00:52,03:44:59
27,manual-main-127096,Media-CP-BXT-PreETM,00:57:56,00:57:56,7:30:27,57:50:30,168:13:32,00:52:29,69:06:01
27,manual-main-127096,Media-CP-BXT-PreETM,00:57:56,00:57:56,7:30:27,1:01:22,168:13:32,00:52:29,69:06:01
27,manual-main-127096,Media-CP-BXT-PreETM,00:57:56,00:57:56,7:30:27,3:51:30,168:13:32,00:52:29,69:06:01
27,manual-main-127096,Media-Decode-BXT-PreETM,06:34:25,168:11:02,146:55:45,57:50:30,168:13:32,00:52:29,69:06:01
27,manual-main-127096,Media-Decode-BXT-PreETM,06:34:25,168:11:02,146:55:45,1:01:22,168:13:32,00:52:29,69:06:01
27,manual-main-127096,Media-Decode-BXT-PreETM,06:34:25,168:11:02,146:55:45,3:51:30,168:13:32,00:52:29,69:06:01
27,manual-main-127096,Media-Decode-CNL-PreETM,04:42:33,04:42:33,48:48:56,57:50:30,168:13:32,00:52:29,69:06:01
27,manual-main-127096,Media-Decode-CNL-PreETM,04:42:33,04:42:33,48:48:56,1:01:22,168:13:32,00:52:29,69:06:01
27,manual-main-127096,Media-Decode-CNL-PreETM,04:42:33,04:42:33,48:48:56,3:51:30,168:13:32,00:52:29,69:06:01
27,manual-main-127096,Media-Encode-CNL-PreETM,30:57:50,168:08:00,179:36:17,57:50:30,168:13:32,00:52:29,69:06:01
27,manual-main-127096,Media-Encode-CNL-PreETM,30:57:50,168:08:00,179:36:17,1:01:22,168:13:32,00:52:29,69:06:01
27,manual-main-127096,Media-Encode-CNL-PreETM,30:57:50,168:08:00,179:36:17,3:51:30,168:13:32,00:52:29,69:06:01
27,manual-main-127096,Media-Encode-BXT-PreETM,30:56:26,47:04:35,168:12:51,57:50:30,168:13:32,00:52:29,69:06:01
27,manual-main-127096,Media-Encode-BXT-PreETM,30:56:26,47:04:35,168:12:51,1:01:22,168:13:32,00:52:29,69:06:01
27,manual-main-127096,Media-Encode-BXT-PreETM,30:56:26,47:04:35,168:12:51,3:51:30,168:13:32,00:52:29,69:06:01
27,manual-main-127096,Media-Encode-KBL-PreETM,31:09:11,31:09:11,62:12:41,57:50:30,168:13:32,00:52:29,69:06:01
27,manual-main-127096,Media-Encode-KBL-PreETM,31:09:11,31:09:11,62:12:41,1:01:22,168:13:32,00:52:29,69:06:01
27,manual-main-127096,Media-Encode-KBL-PreETM,31:09:11,31:09:11,62:12:41,3:51:30,168:13:32,00:52:29,69:06:01
27,manual-main-127096,Media-Encode-Pre-ETM-BXT-Android,05:58:01,05:58:02,16:08:47,57:50:30,168:13:32,00:52:29,69:06:01
27,manual-main-127096,Media-Encode-Pre-ETM-BXT-Android,05:58:01,05:58:02,16:08:47,1:01:22,168:13:32,00:52:29,69:06:01
27,manual-main-127096,Media-Encode-Pre-ETM-BXT-Android,05:58:01,05:58:02,16:08:47,3:51:30,168:13:32,00:52:29,69:06:01
27,manual-main-127096,Media-VP-BXT-PreETM,12:59:11,12:59:11,76:05:00,57:50:30,168:13:32,00:52:29,69:06:01
27,manual-main-127096,Media-VP-BXT-PreETM,12:59:11,12:59:11,76:05:00,1:01:22,168:13:32,00:52:29,69:06:01
27,manual-main-127096,Media-VP-BXT-PreETM,12:59:11,12:59:11,76:05:00,3:51:30,168:13:32,00:52:29,69:06:01
27,manual-main-127033,Media-VP-BXT-PreETM,03:40:13,03:40:13,71:36:58,41:33:48,29:39:14,00:49:53,30:29:07
27,manual-main-127033,Media-Encode-KBL-PreETM,29:14:16,29:14:16,71:55:49,41:33:48,29:39:14,00:49:53,30:29:07
27,manual-main-127033,Media-Encode-BXT-PreETM,29:10:37,29:10:58,166:49:31,41:33:48,29:39:14,00:49:53,30:29:07
27,manual-main-127033,Media-Encode-CNL-PreETM,29:36:03,29:36:31,182:43:05,41:33:48,29:39:14,00:49:53,30:29:07
27,manual-main-127033,Media-Decode-CNL-PreETM,03:52:59,03:52:59,64:06:57,41:33:48,29:39:14,00:49:53,30:29:07
27,manual-main-127033,Media-Decode-BXT-PreETM,03:54:50,20:05:53,176:07:54,41:33:48,29:39:14,00:49:53,30:29:07
27,manual-main-127007,Media-VP-BXT-PreETM,03:57:14,03:57:14,44:23:31,"",3:57:14,00:50:43,04:47:57
27,manual-main-127003,Media-VP-BXT-PreETM,13:29:12,26:56:16,87:50:31,3:14:01,26:56:16,00:58:38,27:54:54
27,manual-main-126999,Media-Decode-BXT-PreETM,06:23:48,25:35:14,167:37:07,75:05:39,25:35:14,00:58:06,26:33:20
27,manual-main-126999,Media-Decode-CNL-PreETM,03:44:35,03:44:35,49:57:48,75:05:39,25:35:14,00:58:06,26:33:20
27,manual-main-126998,Media-VP-BXT-PreETM,08:40:37,08:40:37,68:08:54,"",8:40:37,00:56:41,09:37:18
